{"assets/img/about_us_logo.png":["assets/img/about_us_logo.png"],"assets/img/account.svg":["assets/img/account.svg"],"assets/img/account_label.svg":["assets/img/account_label.svg"],"assets/img/account_set.svg":["assets/img/account_set.svg"],"assets/img/alarm_clock_bg.png":["assets/img/alarm_clock_bg.png"],"assets/img/app_store.svg":["assets/img/app_store.svg"],"assets/img/blood_oxygen.svg":["assets/img/blood_oxygen.svg"],"assets/img/blue_address.svg":["assets/img/blue_address.svg"],"assets/img/cabin_label.svg":["assets/img/cabin_label.svg"],"assets/img/cabin_model.svg":["assets/img/cabin_model.svg"],"assets/img/cabin_selected.svg":["assets/img/cabin_selected.svg"],"assets/img/cabin_wifi.svg":["assets/img/cabin_wifi.svg"],"assets/img/check_update.png":["assets/img/check_update.png"],"assets/img/chinese.png":["assets/img/chinese.png"],"assets/img/close.svg":["assets/img/close.svg"],"assets/img/close_dialog.png":["assets/img/close_dialog.png"],"assets/img/concentration_icon.png":["assets/img/concentration_icon.png"],"assets/img/concentration_icon_dark.png":["assets/img/concentration_icon_dark.png"],"assets/img/connect_info.svg":["assets/img/connect_info.svg"],"assets/img/connect_label.svg":["assets/img/connect_label.svg"],"assets/img/connect_status.svg":["assets/img/connect_status.svg"],"assets/img/dark_account_info.png":["assets/img/dark_account_info.png"],"assets/img/dark_account_set.png":["assets/img/dark_account_set.png"],"assets/img/dark_background.png":["assets/img/dark_background.png"],"assets/img/dark_center_line.png":["assets/img/dark_center_line.png"],"assets/img/dark_center_line.svg":["assets/img/dark_center_line.svg"],"assets/img/dark_customized.png":["assets/img/dark_customized.png"],"assets/img/dark_horizontal_bar.svg":["assets/img/dark_horizontal_bar.svg"],"assets/img/dark_hourglass.png":["assets/img/dark_hourglass.png"],"assets/img/dark_left_btn.svg":["assets/img/dark_left_btn.svg"],"assets/img/dark_left_list_bar.png":["assets/img/dark_left_list_bar.png"],"assets/img/dark_logo.svg":["assets/img/dark_logo.svg"],"assets/img/dark_machine.png":["assets/img/dark_machine.png"],"assets/img/dark_machine2x.png":["assets/img/dark_machine2x.png"],"assets/img/dark_mode.png":["assets/img/dark_mode.png"],"assets/img/dark_no_data.svg":["assets/img/dark_no_data.svg"],"assets/img/dark_oxygen_concentration.svg":["assets/img/dark_oxygen_concentration.svg"],"assets/img/dark_oxygen_flow.svg":["assets/img/dark_oxygen_flow.svg"],"assets/img/dark_pressure.svg":["assets/img/dark_pressure.svg"],"assets/img/dark_read_icon.svg":["assets/img/dark_read_icon.svg"],"assets/img/dark_right_btn.svg":["assets/img/dark_right_btn.svg"],"assets/img/dark_temperature.svg":["assets/img/dark_temperature.svg"],"assets/img/dark_time.png":["assets/img/dark_time.png"],"assets/img/dark_time_bg.png":["assets/img/dark_time_bg.png"],"assets/img/dark_time_bg.svg":["assets/img/dark_time_bg.svg"],"assets/img/dark_unread_icon.svg":["assets/img/dark_unread_icon.svg"],"assets/img/dark_using_time_bg.png":["assets/img/dark_using_time_bg.png"],"assets/img/dark_vertical_bar.svg":["assets/img/dark_vertical_bar.svg"],"assets/img/decrease_minute.png":["assets/img/decrease_minute.png"],"assets/img/decrease_minute_dark.png":["assets/img/decrease_minute_dark.png"],"assets/img/default_user.png":["assets/img/default_user.png"],"assets/img/dehumidification_button.png":["assets/img/dehumidification_button.png"],"assets/img/dehumidification_running.gif":["assets/img/dehumidification_running.gif"],"assets/img/device_no.svg":["assets/img/device_no.svg"],"assets/img/dialog_top.png":["assets/img/dialog_top.png"],"assets/img/disconnected_button.png":["assets/img/disconnected_button.png"],"assets/img/down_arrow.svg":["assets/img/down_arrow.svg"],"assets/img/empty_dark.png":["assets/img/empty_dark.png"],"assets/img/empty_light.png":["assets/img/empty_light.png"],"assets/img/english.png":["assets/img/english.png"],"assets/img/error_portrait.svg":["assets/img/error_portrait.svg"],"assets/img/ex_factory.svg":["assets/img/ex_factory.svg"],"assets/img/flashlight.svg":["assets/img/flashlight.svg"],"assets/img/flow_icon.png":["assets/img/flow_icon.png"],"assets/img/flow_icon_dark.png":["assets/img/flow_icon_dark.png"],"assets/img/head_image.png":["assets/img/head_image.png"],"assets/img/heart_rate.svg":["assets/img/heart_rate.svg"],"assets/img/help_label.svg":["assets/img/help_label.svg"],"assets/img/icon_park_switch.svg":["assets/img/icon_park_switch.svg"],"assets/img/increase_minute.png":["assets/img/increase_minute.png"],"assets/img/increase_minute_dark.png":["assets/img/increase_minute_dark.png"],"assets/img/language.svg":["assets/img/language.svg"],"assets/img/left_arrow.svg":["assets/img/left_arrow.svg"],"assets/img/left_dehumidification_icon.svg":["assets/img/left_dehumidification_icon.svg"],"assets/img/left_list_bar.svg":["assets/img/left_list_bar.svg"],"assets/img/left_ozone_icon.svg":["assets/img/left_ozone_icon.svg"],"assets/img/light_account_info.png":["assets/img/light_account_info.png"],"assets/img/light_account_set.png":["assets/img/light_account_set.png"],"assets/img/light_background.png":["assets/img/light_background.png"],"assets/img/light_center_line.png":["assets/img/light_center_line.png"],"assets/img/light_center_line.svg":["assets/img/light_center_line.svg"],"assets/img/light_customized.png":["assets/img/light_customized.png"],"assets/img/light_edit_date_icon.svg":["assets/img/light_edit_date_icon.svg"],"assets/img/light_edit_ip_icon.svg":["assets/img/light_edit_ip_icon.svg"],"assets/img/light_edit_name_icon.svg":["assets/img/light_edit_name_icon.svg"],"assets/img/light_horizontal_bar.svg":["assets/img/light_horizontal_bar.svg"],"assets/img/light_hourglass.png":["assets/img/light_hourglass.png"],"assets/img/light_left_btn.svg":["assets/img/light_left_btn.svg"],"assets/img/light_left_list_bar.png":["assets/img/light_left_list_bar.png"],"assets/img/light_logo.svg":["assets/img/light_logo.svg"],"assets/img/light_machine.png":["assets/img/light_machine.png"],"assets/img/light_machine.svg":["assets/img/light_machine.svg"],"assets/img/light_machine2x.png":["assets/img/light_machine2x.png"],"assets/img/light_mode.png":["assets/img/light_mode.png"],"assets/img/light_no_data.svg":["assets/img/light_no_data.svg"],"assets/img/light_oxygen_concentration.svg":["assets/img/light_oxygen_concentration.svg"],"assets/img/light_oxygen_flow.svg":["assets/img/light_oxygen_flow.svg"],"assets/img/light_pressure.svg":["assets/img/light_pressure.svg"],"assets/img/light_read_icon.svg":["assets/img/light_read_icon.svg"],"assets/img/light_right_btn.svg":["assets/img/light_right_btn.svg"],"assets/img/light_temperature.svg":["assets/img/light_temperature.svg"],"assets/img/light_time.png":["assets/img/light_time.png"],"assets/img/light_time_bg.png":["assets/img/light_time_bg.png"],"assets/img/light_time_bg.svg":["assets/img/light_time_bg.svg"],"assets/img/light_unread_icon.svg":["assets/img/light_unread_icon.svg"],"assets/img/light_using_time_bg.png":["assets/img/light_using_time_bg.png"],"assets/img/light_vertical_bar.svg":["assets/img/light_vertical_bar.svg"],"assets/img/log_out.svg":["assets/img/log_out.svg"],"assets/img/login_bg.svg":["assets/img/login_bg.svg"],"assets/img/login_body.png":["assets/img/login_body.png"],"assets/img/login_tree.png":["assets/img/login_tree.png"],"assets/img/moon.svg":["assets/img/moon.svg"],"assets/img/more.svg":["assets/img/more.svg"],"assets/img/my_cabin.png":["assets/img/my_cabin.png"],"assets/img/noise_icon.png":["assets/img/noise_icon.png"],"assets/img/noise_icon_dark.png":["assets/img/noise_icon_dark.png"],"assets/img/notification.svg":["assets/img/notification.svg"],"assets/img/other.svg":["assets/img/other.svg"],"assets/img/ozone_icon.png":["assets/img/ozone_icon.png"],"assets/img/ozone_icon_dark.png":["assets/img/ozone_icon_dark.png"],"assets/img/panel_cabin_o2_flow.svg":["assets/img/panel_cabin_o2_flow.svg"],"assets/img/panel_cabin_o2_flow_light.svg":["assets/img/panel_cabin_o2_flow_light.svg"],"assets/img/panel_cabin_pressure.svg":["assets/img/panel_cabin_pressure.svg"],"assets/img/panel_cabin_pressure_light.svg":["assets/img/panel_cabin_pressure_light.svg"],"assets/img/panel_cabin_temperature.svg":["assets/img/panel_cabin_temperature.svg"],"assets/img/panel_cabin_temperature_light.svg":["assets/img/panel_cabin_temperature_light.svg"],"assets/img/panel_change_mode.svg":["assets/img/panel_change_mode.svg"],"assets/img/panel_change_mode_button.png":["assets/img/panel_change_mode_button.png"],"assets/img/panel_change_mode_button.svg":["assets/img/panel_change_mode_button.svg"],"assets/img/panel_change_mode_button_light.png":["assets/img/panel_change_mode_button_light.png"],"assets/img/panel_change_mode_button_light.svg":["assets/img/panel_change_mode_button_light.svg"],"assets/img/panel_count_down_bg.png":["assets/img/panel_count_down_bg.png"],"assets/img/panel_count_down_bg.svg":["assets/img/panel_count_down_bg.svg"],"assets/img/panel_dehumidification.svg":["assets/img/panel_dehumidification.svg"],"assets/img/panel_disconnect_button.png":["assets/img/panel_disconnect_button.png"],"assets/img/panel_disconnect_button_light.png":["assets/img/panel_disconnect_button_light.png"],"assets/img/panel_list_bg.png":["assets/img/panel_list_bg.png"],"assets/img/panel_logo.png":["assets/img/panel_logo.png"],"assets/img/panel_logo_light.png":["assets/img/panel_logo_light.png"],"assets/img/panel_mdwb_sunny.svg":["assets/img/panel_mdwb_sunny.svg"],"assets/img/panel_mdwb_sunny_light.svg":["assets/img/panel_mdwb_sunny_light.svg"],"assets/img/panel_mode_title_center.png":["assets/img/panel_mode_title_center.png"],"assets/img/panel_mode_title_center_light.png":["assets/img/panel_mode_title_center_light.png"],"assets/img/panel_mode_title_side.png":["assets/img/panel_mode_title_side.png"],"assets/img/panel_mode_title_side1.png":["assets/img/panel_mode_title_side1.png"],"assets/img/panel_mode_title_side1_light.png":["assets/img/panel_mode_title_side1_light.png"],"assets/img/panel_mode_title_side_light.png":["assets/img/panel_mode_title_side_light.png"],"assets/img/panel_ozone.svg":["assets/img/panel_ozone.svg"],"assets/img/panel_pause_button.png":["assets/img/panel_pause_button.png"],"assets/img/panel_pause_button_light.png":["assets/img/panel_pause_button_light.png"],"assets/img/panel_qr_code_logo.png":["assets/img/panel_qr_code_logo.png"],"assets/img/panel_qr_code_logo_light.png":["assets/img/panel_qr_code_logo_light.png"],"assets/img/panel_refresh.svg":["assets/img/panel_refresh.svg"],"assets/img/panel_scan.svg":["assets/img/panel_scan.svg"],"assets/img/panel_start_button.png":["assets/img/panel_start_button.png"],"assets/img/panel_start_button_light.png":["assets/img/panel_start_button_light.png"],"assets/img/pause_button.png":["assets/img/pause_button.png"],"assets/img/phone.svg":["assets/img/phone.svg"],"assets/img/photo.svg":["assets/img/photo.svg"],"assets/img/point.png":["assets/img/point.png"],"assets/img/prefer_label.svg":["assets/img/prefer_label.svg"],"assets/img/pressure_icon.png":["assets/img/pressure_icon.png"],"assets/img/pressure_icon_dark.png":["assets/img/pressure_icon_dark.png"],"assets/img/refresh_button.png":["assets/img/refresh_button.png"],"assets/img/refresh_button.svg":["assets/img/refresh_button.svg"],"assets/img/right_arrow.svg":["assets/img/right_arrow.svg"],"assets/img/safe_label.svg":["assets/img/safe_label.svg"],"assets/img/scan_code.svg":["assets/img/scan_code.svg"],"assets/img/scanner_bar.png":["assets/img/scanner_bar.png"],"assets/img/scanner_bar.svg":["assets/img/scanner_bar.svg"],"assets/img/settings.svg":["assets/img/settings.svg"],"assets/img/spanish.png":["assets/img/spanish.png"],"assets/img/ssid.svg":["assets/img/ssid.svg"],"assets/img/start_button.png":["assets/img/start_button.png"],"assets/img/start_button.svg":["assets/img/start_button.svg"],"assets/img/stop_button.png":["assets/img/stop_button.png"],"assets/img/stop_button.svg":["assets/img/stop_button.svg"],"assets/img/sun.svg":["assets/img/sun.svg"],"assets/img/system_mode.png":["assets/img/system_mode.png"],"assets/img/system_update_bg.png":["assets/img/system_update_bg.png"],"assets/img/system_version.svg":["assets/img/system_version.svg"],"assets/img/time_icon.png":["assets/img/time_icon.png"],"assets/img/time_icon_dark.png":["assets/img/time_icon_dark.png"],"assets/img/toast_arrow.svg":["assets/img/toast_arrow.svg"],"assets/img/toast_warming.svg":["assets/img/toast_warming.svg"],"assets/img/tree.svg":["assets/img/tree.svg"],"assets/img/update_error.svg":["assets/img/update_error.svg"],"assets/img/update_success.svg":["assets/img/update_success.svg"],"assets/img/user.svg":["assets/img/user.svg"],"assets/img/version_light.png":["assets/img/version_light.png"],"assets/img/wifi_disconnect.svg":["assets/img/wifi_disconnect.svg"],"assets/img/wifi_ip.svg":["assets/img/wifi_ip.svg"],"assets/img/wifi_refresh.svg":["assets/img/wifi_refresh.svg"],"assets/img/ze_manager.svg":["assets/img/ze_manager.svg"],"assets/img/ze_wap_home.svg":["assets/img/ze_wap_home.svg"],"fonts/DSEG7Classic-Bold.ttf":["fonts/DSEG7Classic-Bold.ttf"],"fonts/msyh.ttc":["fonts/msyh.ttc"],"packages/cupertino_icons/assets/CupertinoIcons.ttf":["packages/cupertino_icons/assets/CupertinoIcons.ttf"]}